{
  "train_loss": [
    0.5980377131766015,
    0.5429745457329593,
    0.5318319137607302,
    0.5206757197668265,
    0.5132091992667743,
    0.5033107443333982,
    0.49127622701964535,
    0.48074973497416945,
    0.4720593077632097,
    0.4640309494602811,
    0.45631273811335094,
    0.4494379013776779,
    0.4436564678837965,
    0.4379440278306112,
    0.4326633727485007,
    0.4278961242391513,
    0.42316941908755146,
    0.41851081838319587,
    0.41480717357698377,
    0.41095144408089773,
    0.4072724082148992,
    0.403344941171971,
    0.39968022859686025,
    0.3961104755545711,
    0.3927967344502826,
    0.3892767083022621,
    0.38625337191662945,
    0.383037547816287,
    0.3804629855267294,
    0.3771174117759034,
    0.37428092309734323,
    0.37128909480768246,
    0.3689939515603768,
    0.3659862514053072,
    0.3635842821427754,
    0.3612589096793762,
    0.35845334131966583,
    0.35630749747320845,
    0.35359058742012295,
    0.3510998359748295,
    0.3490340245457796,
    0.33885084158116646,
    0.33565750013995954,
    0.33312338443247824,
    0.33154022562634816,
    0.32972605993132015,
    0.3284746289744482,
    0.3267438040821107,
    0.3203688079675475,
    0.31851835074005547,
    0.3175376787945464,
    0.3164278249982949,
    0.31563298608903045,
    0.31470623571466616,
    0.31370664232379786,
    0.31038339829051886,
    0.3094360379727332,
    0.30861858082014126,
    0.30827166582201865,
    0.3061875187597432,
    0.30575844162440563,
    0.30538996767539245,
    0.30509936129981347,
    0.30418176785275175,
    0.3037823423906997,
    0.3036789539587367
  ],
  "val_auc": [
    0.8293172327850904,
    0.8407741469921125,
    0.8538358367230775,
    0.8632709620721662,
    0.870774677115659,
    0.8762897133353739,
    0.8834105726975211,
    0.8906452031613818,
    0.8955503101784147,
    0.9011913248799336,
    0.9047821337609103,
    0.9073090159488313,
    0.910500962711676,
    0.9128536552475754,
    0.9138822800739905,
    0.9156028078624839,
    0.9176357535303279,
    0.9190880745486822,
    0.9190404955031614,
    0.9213970115774222,
    0.9204020671558721,
    0.9233175357025789,
    0.9231492284217192,
    0.9226853048025883,
    0.924671806205074,
    0.92514390774214,
    0.9255760400959624,
    0.9255919050252517,
    0.9248874878230628,
    0.9269656115390776,
    0.9274115246395795,
    0.926294691331832,
    0.9280609598995372,
    0.9277001309453081,
    0.9275868417214764,
    0.9266259287822873,
    0.9282529997529007,
    0.9267656321022874,
    0.927341122663,
    0.9282385868236478,
    0.9280826096205855,
    0.929342536119751,
    0.929411334807706,
    0.9299095428864046,
    0.92937387733913,
    0.9289852917327359,
    0.928423525547209,
    0.9292386737839116,
    0.9299364784478282,
    0.9294493899645944,
    0.9300460201827265,
    0.928995692794222,
    0.929322748741543,
    0.929237421341278,
    0.9290312299279284,
    0.9296266320693396,
    0.9296096604877582,
    0.92957693897705,
    0.9294266238101632,
    0.9296070385766593,
    0.9293407359939085,
    0.9296056067754433,
    0.9294380790301581,
    0.9295606096485144,
    0.9294810401854159,
    0.9295086710724312
  ],
  "val_acc": [
    0.7513583009672179,
    0.7636179758356914,
    0.7755387478885817,
    0.7810257458551648,
    0.7925269239459046,
    0.8007036267980677,
    0.8061045542083123,
    0.8125168106555348,
    0.8216510484469643,
    0.827961096108535,
    0.8323453150720302,
    0.8359118637503093,
    0.8376009984184535,
    0.8432171022195445,
    0.844379054730115,
    0.8466706832926292,
    0.8492151441143878,
    0.850366337805416,
    0.849898329155325,
    0.853932886483695,
    0.8530883191496229,
    0.8561384444898705,
    0.8556166417420681,
    0.8561653415387264,
    0.8587205611800274,
    0.8581503437442843,
    0.8592100874692029,
    0.8593714697623377,
    0.8558210593133722,
    0.862007380550206,
    0.8615662689489709,
    0.8607432192539834,
    0.8631908506998612,
    0.8622171775312812,
    0.8633038183050555,
    0.8626098744445759,
    0.8647024648455571,
    0.8620557952381465,
    0.86378796518446,
    0.8645303237328801,
    0.8649391588754882,
    0.8670263698666982,
    0.8677418313662625,
    0.8679731459864224,
    0.8670263698666982,
    0.8668649875735635,
    0.8672845815357139,
    0.8687316427641559,
    0.86856488106125,
    0.8684519134560555,
    0.8689683367940869,
    0.8693341366585259,
    0.8696730394741089,
    0.8673867903213659,
    0.8689737162038581,
    0.8695708306884569,
    0.8691512367263063,
    0.8701410481241998,
    0.8696784188838801,
    0.8697698688499897,
    0.8699420099626669,
    0.8695224160005164,
    0.8694847601321183,
    0.8699850452408362,
    0.8696999365229647,
    0.8701141510753441
  ],
  "val_precision": [
    0.7910514932929955,
    0.7802180149168101,
    0.8138245562275656,
    0.7603431382351177,
    0.8361190328580285,
    0.8266980844528851,
    0.8070811594830386,
    0.7995016233430527,
    0.8264392230713644,
    0.8641552374678085,
    0.8325525668149044,
    0.8663889967409081,
    0.8370142246438455,
    0.863406388834957,
    0.8618544082146136,
    0.8624773032288624,
    0.8608269252201047,
    0.859989361230551,
    0.8536713000817662,
    0.8801125899155575,
    0.864116652578191,
    0.866914828601589,
    0.859516748080949,
    0.8716462591158729,
    0.8781966001478196,
    0.8619937864501008,
    0.8805356245144189,
    0.871761686935178,
    0.846413121088664,
    0.8890086456667362,
    0.8691042409829568,
    0.8602306872152757,
    0.8710445130013221,
    0.8650399434813325,
    0.8800758199726958,
    0.8703842425310655,
    0.8733865536012013,
    0.8622859177881139,
    0.8718321813992967,
    0.8679126166037161,
    0.8772450083055553,
    0.8721798755481677,
    0.8884686367882613,
    0.8752928495220916,
    0.8693123243372292,
    0.8701376421304609,
    0.8770273112732345,
    0.8833759418729817,
    0.8746040271398976,
    0.8743863417199965,
    0.8757853345635077,
    0.8827421265562485,
    0.8789815255005583,
    0.8675103027164649,
    0.8824831471979072,
    0.8774451493523658,
    0.8743847752378869,
    0.8803413120567376,
    0.8811488169364882,
    0.8777113145400267,
    0.8785380871983315,
    0.8755795727329526,
    0.8760729731509737,
    0.8767860476865122,
    0.8775274216994846,
    0.8795859002577063
  ],