{
  "train_loss": [
    0.5045856776964533,
    0.43218525359918786,
    0.4182016671031386,
    0.4052987467947897,
    0.38876748649956105,
    0.3745117109719214,
    0.36226638905949643,
    0.35205903354581897,
    0.3596108227476969,
    0.8935131058096886,
    0.8166129295970057,
    0.7740147380710958,
    0.8151915189656582,
    0.5872518908191513,
    0.6848266640534768,
    0.5642718423853864,
    0.50768766191962,
    0.6769532687388934
  ],
  "val_auc": [
    0.8673605825077815,
    0.8852140509075843,
    0.8919481427308257,
    0.8974198891159059,
    0.8993177499327756,
    0.9053854477051353,
    0.9114573264018667,
    0.9145554254504566,
    0.8933928824777839,
    0.7999441440681103,
    0.6968382599078768,
    0.6462080723877209,
    0.8309074168893422,
    0.830253941575871,
    0.7951855886394257,
    0.8415258569258799,
    0.8564270326504988,
    0.8093782515471162
  ],
  "val_acc": [
    0.7916393213336632,
    0.8093106824319236,
    0.8155884536348672,
    0.8227376892207388,
    0.8241686122198673,
    0.8241793710394095,
    0.8410223030329113,
    0.843233240448858,
    0.823151903773118,
    0.6255016299611607,
    0.5292263332867118,
    0.5290057774860942,
    0.7561459756635502,
    0.7093666282935436,
    0.7166019344357537,
    0.7604387446609358,
    0.7797938610175692,
    0.6836638084069416
  ],
  "val_precision": [
    0.807167293681734,
    0.841700636487163,
    0.8148267734332117,
    0.8242786220651679,
    0.8680761410127636,
    0.8960409088512836,
    0.8580180506641603,
    0.8482805419959285,
    0.8642814578798235,
    0.5745653279432497,
    0.8996057021534729,
    0.8489256639530228,
    0.8206760464393356,
    0.8795612574674371,
    0.804532061602017,
    0.7271212449281229,
    0.769454636164264,
    0.6276993152589764
  ],
  "val_recall": [
    0.7654013623038455,
    0.7610902741852044,
    0.8159596482152095,
    0.8195701845145715,
    0.7637954819796516,
    0.7327556475254354,
    0.8166170891533023,
    0.8353164338679082,
    0.7659618037592688,
    0.9619869805138817,
    0.06393343679944818,
    0.0685570788066908,
    0.6544339541300224,
    0.48398430763924816,
    0.5709173995516469,
    0.8324387825487153,
    0.7978746335575099,
    0.9000581996896017
  ],
  "val_f1": [
    0.7857296962388046,
    0.799368356708663,
    0.8153928173314593,
    0.8219176601562922,
    0.8126039146437949,
    0.8062136843353492,
    0.836805804816363,
    0.8417485745316319,
    0.8121568112083103,
    0.7194344922641669,
    0.11938255952021574,
    0.12686857404988183,
    0.7281874164283187,
    0.6243925500038238,
    0.66788546644308,
    0.7762239519212892,
    0.7834069684383185,
    0.7396015534014976
  ],
  "learning_rate": [
    0.00016666666666666666,
    0.0003333333333333333,
    0.0005,
    0.0004994428362164767,
    0.0004977738332946176,
    0.0004950004454066284,
    0.000491135059176067,
    0.00048619493835617576,
    0.000480202146725769,
    0.0004731834495470404,
    0.0004651701940254048,
    0.0004561981693052692,
    0.00044630744662702595,
    0.0004355422003591655,
    0.0004239505107048233,
    0.00041158414896392116,
    0.00039849834630997414,
    0.0003847515471142615
  ]
}